time,node_name,event_type,child1_name,child2_name
0,0,Leaf,,
0,1,Leaf,,
0,2,Leaf,,
0,3,Leaf,,
0,4,Leaf,,
0,5,Leaf,,
0,6,Leaf,,
0,7,Leaf,,
0.054024740664337635,8,Speciation,2,4
0.23022891117205754,9,Speciation,1,5
0.2689533501177651,10,Speciation,6,9
0.27398302442631844,11,Speciation,8,10
0.7835574476982099,12,Speciation,11,3
1.1709342645903886,13,Speciation,0,12
1.2343101367798959,14,Speciation,7,13
